채널 ID,채널 URL,채널 제목
UC-9-kyTW8ZkZNDHQJ6FgpwQ,http://www.youtube.com/channel/UC-9-kyTW8ZkZNDHQJ6FgpwQ,Music
UC-yuWVUplUJZvieEligKBkA,http://www.youtube.com/channel/UC-yuWVUplUJZvieEligKBkA,javidx9
UC0FPjuZLQ16UpvLtbs6LYpg,http://www.youtube.com/channel/UC0FPjuZLQ16UpvLtbs6LYpg,Smartherd
UC0zNoCMMiPEAst0JrwUht0w,http://www.youtube.com/channel/UC0zNoCMMiPEAst0JrwUht0w,Vickers Tactical
UC1uug_uZrVmylfPVBLBvitQ,http://www.youtube.com/channel/UC1uug_uZrVmylfPVBLBvitQ,CarbotAnimations
UC2NlWo1KGFsuy0jnq9o6nGA,http://www.youtube.com/channel/UC2NlWo1KGFsuy0jnq9o6nGA,Dapper Gaming
UC2QvKS5O6QhqaZi4LyAEUnA,http://www.youtube.com/channel/UC2QvKS5O6QhqaZi4LyAEUnA,Michael Galarnyk
UC2soFUK5L61ovrRW5L5u-JA,http://www.youtube.com/channel/UC2soFUK5L61ovrRW5L5u-JA,황소장의 부동산팩폭
UC34rW-HtPJulxr5wp2Xa04w,http://www.youtube.com/channel/UC34rW-HtPJulxr5wp2Xa04w,DigitalSreeni
UC4JX40jDee_tINbkjycV4Sg,http://www.youtube.com/channel/UC4JX40jDee_tINbkjycV4Sg,Tech With Tim
UC4xKdmAXFh4ACyhpiQ_3qBw,http://www.youtube.com/channel/UC4xKdmAXFh4ACyhpiQ_3qBw,TechLead
UC6UbiyGEGkF5iuqKRsShCOg,http://www.youtube.com/channel/UC6UbiyGEGkF5iuqKRsShCOg,ValentinaLisitsa
UC7pShIkHd4njQYglmYr5dCQ,http://www.youtube.com/channel/UC7pShIkHd4njQYglmYr5dCQ,영화좋아
UC8tYgnrcFXk7OCY_uoBmh-A,http://www.youtube.com/channel/UC8tYgnrcFXk7OCY_uoBmh-A,효기심
UC9wMap3yZJl5eLed5tqxcHw,http://www.youtube.com/channel/UC9wMap3yZJl5eLed5tqxcHw,BlastphamousHD Gaming
UCA5JJn0hFf6cOV01BA7bZJw,http://www.youtube.com/channel/UCA5JJn0hFf6cOV01BA7bZJw,Carlton Marshall II
UCBr_Fu6q9iHYQCh13jmpbrg,http://www.youtube.com/channel/UCBr_Fu6q9iHYQCh13jmpbrg,Errichto
UCBuGpGNuuMErI27mgDpcXkQ,http://www.youtube.com/channel/UCBuGpGNuuMErI27mgDpcXkQ,"""Exercises in Futility"" Archive"
UCDCHcqyeQgJ-jVSd6VJkbCw,http://www.youtube.com/channel/UCDCHcqyeQgJ-jVSd6VJkbCw,codeSTACKr
UCEQvH22uX87jMDfdry_Vv6g,http://www.youtube.com/channel/UCEQvH22uX87jMDfdry_Vv6g,ilcriscotto
UCEwmUXNK69iAugMEahY7glA,http://www.youtube.com/channel/UCEwmUXNK69iAugMEahY7glA,김달
UCHZ-NWzcaa4lFT9NjP4T4pg,http://www.youtube.com/channel/UCHZ-NWzcaa4lFT9NjP4T4pg,Bring Your Own Laptop
UCJyYNroojKZMaHGnmKRHuHg,http://www.youtube.com/channel/UCJyYNroojKZMaHGnmKRHuHg,노래하는 정여진TV
UCL2MndJLJVj8WX_IwrnrQig,http://www.youtube.com/channel/UCL2MndJLJVj8WX_IwrnrQig,Vince Prep
UCN_zEeX1PVvk8kAQierYo3g,http://www.youtube.com/channel/UCN_zEeX1PVvk8kAQierYo3g,Deniz Sasal
UCOUuED9V8Tw6cm-Rqw4wX9g,http://www.youtube.com/channel/UCOUuED9V8Tw6cm-Rqw4wX9g,TV Streaming World
UCR1IuLEqb6UEA_zQ81kwXfg,http://www.youtube.com/channel/UCR1IuLEqb6UEA_zQ81kwXfg,Real Engineering
UCRL3LmQvt3G0d5UFnLPUKNA,http://www.youtube.com/channel/UCRL3LmQvt3G0d5UFnLPUKNA,8thManDVD.com™ Cartoon Channel
UCS-ix9RRO7OJdspbgaGOFiA,http://www.youtube.com/channel/UCS-ix9RRO7OJdspbgaGOFiA,Peter von Panda
UCSE6yilNScIz1SLTNQvrXMw,http://www.youtube.com/channel/UCSE6yilNScIz1SLTNQvrXMw,Vinheteiro
UCSUyBFyzG0NXRJxJ0-WA_3w,http://www.youtube.com/channel/UCSUyBFyzG0NXRJxJ0-WA_3w,WTii
UCT3EznhW_CNFcfOlyDNTLLw,http://www.youtube.com/channel/UCT3EznhW_CNFcfOlyDNTLLw,Minority Mindset
UCTnM5V97mRx7Nh4fMyqvFLg,http://www.youtube.com/channel/UCTnM5V97mRx7Nh4fMyqvFLg,야수 Beast
UCV0qA-eDDICsRR9rPcnG7tw,http://www.youtube.com/channel/UCV0qA-eDDICsRR9rPcnG7tw,Joma Tech
UCVTlvUkGslCV_h-nSAId8Sw,http://www.youtube.com/channel/UCVTlvUkGslCV_h-nSAId8Sw,LearnCode.academy
UCVUzBhvckOhPDPO432VTgSA,http://www.youtube.com/channel/UCVUzBhvckOhPDPO432VTgSA,제레미컨설팅
UCW4ixpFivk6eJl8b5bFOLkg,http://www.youtube.com/channel/UCW4ixpFivk6eJl8b5bFOLkg,승지니어 Sengineer
UCWB_k3srF9anvWEpIZyWTTw,http://www.youtube.com/channel/UCWB_k3srF9anvWEpIZyWTTw,뉴욕 키다리쌤
UCWyYPkTpefppyrOO8gcjgfw,http://www.youtube.com/channel/UCWyYPkTpefppyrOO8gcjgfw,616Entertainment
UCX6b17PVsYBQ0ip5gyeme-Q,http://www.youtube.com/channel/UCX6b17PVsYBQ0ip5gyeme-Q,CrashCourse
UCXa_bzvv7Oo1glaW9FldDhQ,http://www.youtube.com/channel/UCXa_bzvv7Oo1glaW9FldDhQ,GamingBolt
UCY8mzqqGwl5_bTpBY9qLMAA,http://www.youtube.com/channel/UCY8mzqqGwl5_bTpBY9qLMAA,Andreas Kretz
UCZA9r49rndVc9u8jPl4V6Ag,http://www.youtube.com/channel/UCZA9r49rndVc9u8jPl4V6Ag,KLA Corp.
UCZCFT11CWBi3MHNlGf019nw,http://www.youtube.com/channel/UCZCFT11CWBi3MHNlGf019nw,Abdul Bari
UCZUyPT9DkJWmS_DzdOi7RIA,http://www.youtube.com/channel/UCZUyPT9DkJWmS_DzdOi7RIA,Caleb Curry
UCaFw9cH80hvRyLaxBB9ANWQ,http://www.youtube.com/channel/UCaFw9cH80hvRyLaxBB9ANWQ,Chispa Motivation
UCbXgNpp0jedKWcQiULLbDTA,http://www.youtube.com/channel/UCbXgNpp0jedKWcQiULLbDTA,Python Engineer
UCeToReKBEhfhWxe-eCvDtPQ,http://www.youtube.com/channel/UCeToReKBEhfhWxe-eCvDtPQ,UN음주오락부장관
UCeY0bbntWzzVIaj2z3QigXg,http://www.youtube.com/channel/UCeY0bbntWzzVIaj2z3QigXg,NBC News
UCfLgaRhkac_bFKW4aV-KQWw,http://www.youtube.com/channel/UCfLgaRhkac_bFKW4aV-KQWw,The Naphil Show
UCg3BZ_iNsxFl2RlzAxPD8dw,http://www.youtube.com/channel/UCg3BZ_iNsxFl2RlzAxPD8dw,B&Y퇴근버스
UCgBVz3EzHYKpPS0BITvLRsg,http://www.youtube.com/channel/UCgBVz3EzHYKpPS0BITvLRsg,KXAN
UCiWxn1eVlnOQ8sZQqLL-ijQ,http://www.youtube.com/channel/UCiWxn1eVlnOQ8sZQqLL-ijQ,National Shooting Sports Foundation | NSSF
UClE2hKVqycauBKmXwawizEg,http://www.youtube.com/channel/UClE2hKVqycauBKmXwawizEg,뻑가 PPKKa
UClEEsT7DkdVO_fkrBw0OTrA,http://www.youtube.com/channel/UClEEsT7DkdVO_fkrBw0OTrA,mycodeschool
UCmJz2DV1a3yfgrR7GqRtUUA,http://www.youtube.com/channel/UCmJz2DV1a3yfgrR7GqRtUUA,Back To Back SWE
UCn8zNIfYAQNdrFRrr8oibKw,http://www.youtube.com/channel/UCn8zNIfYAQNdrFRrr8oibKw,VICE
UCoLUji8TYrgDy74_iiazvYA,http://www.youtube.com/channel/UCoLUji8TYrgDy74_iiazvYA,Jarvis Johnson
UCoTJydABhshW-N_h_tN9rrQ,http://www.youtube.com/channel/UCoTJydABhshW-N_h_tN9rrQ,Vansamaofficial
UCq_TngIqTeXCEoRpFv__TWA,http://www.youtube.com/channel/UCq_TngIqTeXCEoRpFv__TWA,Family Guy
UCs6nmQViDpUw0nuIx9c_WvA,http://www.youtube.com/channel/UCs6nmQViDpUw0nuIx9c_WvA,ProgrammingKnowledge
UCsvqVGtbbyHaMoevxPAq9Fg,http://www.youtube.com/channel/UCsvqVGtbbyHaMoevxPAq9Fg,Simplilearn
UCtHm9ai5zSb-yfRnnUBopAg,http://www.youtube.com/channel/UCtHm9ai5zSb-yfRnnUBopAg,Just Josh
UCuft6Roy99tFZusOlBasVpA,http://www.youtube.com/channel/UCuft6Roy99tFZusOlBasVpA,National Guard
UCut99_Fv1YEcpYRXNnUM7LQ,http://www.youtube.com/channel/UCut99_Fv1YEcpYRXNnUM7LQ,Linux Tutorials
UCvO9Xk3bheuxEemvknCj72g,http://www.youtube.com/channel/UCvO9Xk3bheuxEemvknCj72g,WhatCulture Gaming
UCvtuPgvFmA--W404WkST8GA,http://www.youtube.com/channel/UCvtuPgvFmA--W404WkST8GA,Mrgunsngear Channel
UCwd5VFu4KoJNjkWJZMFJGHQ,http://www.youtube.com/channel/UCwd5VFu4KoJNjkWJZMFJGHQ,Jacob Sorber
UCwhF2S-EQWLkbB8LcX_bEYw,http://www.youtube.com/channel/UCwhF2S-EQWLkbB8LcX_bEYw,U.S. Air Force Recruiting
UCxFU0nGRBUEkidfiDGL4yWg,http://www.youtube.com/channel/UCxFU0nGRBUEkidfiDGL4yWg,Garrett Halstein
UCxX9wt5FWQUAAz4UrysqK9A,http://www.youtube.com/channel/UCxX9wt5FWQUAAz4UrysqK9A,CS Dojo
UCxu8xrbPZ-neg3FhMdz4yrA,http://www.youtube.com/channel/UCxu8xrbPZ-neg3FhMdz4yrA,Tech and Beyond With Moss

